"scientific_name,""longitude"",""latitude"""
Dichotomius agenor,-75.052837,9.16398099999976
Dichotomius agenor,-73.45416,9.53493199999997
Dichotomius agenor,-73.453698,9.57622599999998
Dichotomius agenor,-75.201778,9.77625000000005
Dichotomius agenor,-75.191306,9.89477800000012
Dichotomius agenor,-75.224129,9.74979199999997
Dichotomius agenor,-73.514402,9.49109900000001
Dichotomius agenor,-73.519938,9.52724600000003
Dichotomius agenor,-73.519371,9.51817499999998
Dichotomius agenor,-73.50492,9.48047600000001
Dichotomius agenor,-73.458622,9.55570299999997
Dichotomius agenor,-73.520155,9.60852700000007
Dichotomius agenor,-73.597363,9.71412699999994
Dichotomius agenor,-73.290659,9.54222700000014
Dichotomius agenor,-73.282509,9.55078799999995
Dichotomius agenor,-73.89056,7.25533000000009
Dichotomius agenor,-73.853441,7.33566099999996
Dichotomius agenor,-73.70668,7.30155000000004
Dichotomius agenor,-73.843614,7.33439999999986
Dichotomius agenor,-73.855205,7.28602599999996
Dichotomius agenor,-73.878061,7.26434300000007
Dichotomius agenor,-73.768617,7.34873199999985
Dichotomius agenor,-73.890041,7.27663700000013
Dichotomius agenor,-73.857472,7.26107200000004
Dichotomius agenor,-73.792786,7.40833099999991
Dichotomius agenor,-73.817819,7.26975699999999
Dichotomius agenor,-73.903531,7.26133100000003
Dichotomius agenor,-73.873114,7.24680599999994
Dichotomius agenor,-73.80747,7.43725400000018
Dichotomius agenor,-73.88592,7.30115199999998
Dichotomius agenor,-73.881247,7.23519499999994
Dichotomius agenor,-73.83283,7.27803999999989
Dichotomius agenor,-73.861456,7.40976499999997
Dichotomius agenor,-73.792362,7.31666800000009
Dichotomius agenor,-73.842209,7.41563799999999
Dichotomius agenor,-73.902677,7.33717299999993
Dichotomius agenor,-73.854851,7.392947
Dichotomius agenor,-73.77881,7.31574599999994
Dichotomius agenor,-73.878142,7.370626
Dichotomius agenor,-73.825764,7.30439000000013
Dichotomius agenor,-75.707752,9.39462300000002
Dichotomius agenor,-75.708397,9.38489199999999
Dichotomius agenor,-73.866789,7.38564799999998
Dichotomius agenor,-73.86,7.35523000000005
Dichotomius agenor,-72.553745,11.170382
Dichotomius agenor,-72.542547,11.167587
Dichotomius agenor,-73.869583,7.23786100000005
Dichotomius agenor,-73.886901,7.31324799999985
Dichotomius agenor,-75.37725,3.06666700000003
Dichotomius agenor,-75.388306,3.05947200000004
Dichotomius agenor,-75.387444,3.07252800000007
Dichotomius agenor,-72.629166,11.0264919999999
Dichotomius agenor,-72.602937,11.0556879999999
Dichotomius agenor,-72.754849,10.9690399999999
Dichotomius agenor,-72.671431,11.054458
Dichotomius agenor,-72.691071,11.105056
Dichotomius agenor,-72.615206,11.1529259999999
Dichotomius agenor,-72.649554,11.0886
Dichotomius agenor,-72.569588,11.1066870000002
Dichotomius agenor,-72.518379,11.148629
Dichotomius agenor,-72.731153,11.038991
Dichotomius agenor,-72.618899,11.130697
Dichotomius agenor,-72.577824,11.073491
Dichotomius agenor,-72.642583,11.140864
Dichotomius agenor,-72.610666,11.1404429999999
Dichotomius agenor,-72.587454,11.1414719999999
Dichotomius agenor,-72.527893,11.1577720000001
Dichotomius agenor,-75.217439,8.03022199999985
Dichotomius agenor,-74.214111,6.1014170000001
Dichotomius agenor,-73.035183,11.075961
Dichotomius agenor,-72.957722,11.0153360000002
Dichotomius agenor,-72.952203,11.023222
Dichotomius agenor,-73.009831,11.120289
Dichotomius agenor,-72.910531,11.143175
Dichotomius agenor,-72.917575,11.1490499999999
Dichotomius agenor,-75.659164,5.19277799999995
Dichotomius agenor,-71.22222,8.55388899999985
Dichotomius agenor,-73.94556,9.97833299999992
Dichotomius agenor,-75.171061,10.7474609999999
Dichotomius agenor,-75.145936,10.74705
Dichotomius agenor,-75.14995,10.7375250000001
Dichotomius agenor,-75.061311,10.6928970000001
Dichotomius agenor,-75.155103,10.765344
Dichotomius agenor,-75.170533,10.765336
Dichotomius agenor,-73.303611,9.56416699999982
Dichotomius agenor,-73.262806,9.60286100000003
Dichotomius agenor,-73.282889,9.59513900000011
Dichotomius agenor,-75.16167,10.2744449999999
Dichotomius agenor,-79.55,8.94999999999998
Dichotomius agenor,-71.35833,12.193611
Dichotomius agenor,-74.93937,6.51111699999996
Dichotomius agenor,-74.88624,6.49601499999997
Dichotomius agenor,-74.90974,6.50215199999999
Dichotomius agenor,-73.387665,10.36245
Dichotomius agenor,-73.0885,10.514667
Dichotomius agenor,-75.156944,3.23055600000001
Dichotomius agenor,-76.103584,8.51030500000012
Dichotomius agenor,-75.91111,8.73944500000007
Dichotomius agenor,-68,10.0000000000001
Dichotomius agenor,-72.97525,10.5836600000001
Dichotomius agenor,-71.7104,7.66219999999993
Dichotomius agenor,-74.72649,5.36681000000006
Dichotomius agenor,-74.17694,11.1738889999999
Dichotomius agenor,-74.14139,11.138056
Dichotomius agenor,-75.172524,8.58924499999999
Dichotomius agenor,-75.633333,9.69999999999999
Dichotomius agenor,-73.31056,10.5749999999999
Dichotomius agenor,-74.63007,6.23794000000002
Dichotomius agenor,-71.2,8.55949999999995
Dichotomius agenor,-74.640278,6.54388899999996
Dichotomius agenor,-75.346128,3.9029920000001
Dichotomius agenor,-74.104164,11.294723
Dichotomius agenor,-74.777504,5.093889
Dichotomius agenor,-75.767784,5.093889
Dichotomius agenor,-74.88113,9.74513000000006
Dichotomius agenor,-74.866667,4.13333299999993
Dichotomius agenor,-61.289584,10.692397
Dichotomius agenor,-74.458993,4.79356800000005
Dichotomius agenor,-61.4185,10.7136780000001
Dichotomius agenor,-61.4048,10.6300000000001
Dichotomius agenor,-61.39,10.64
Dichotomius agenor,-61.36,10.65
Dichotomius agenor,-72.98633,10.494716
Dichotomius agenor,-71.3356,8.49230000000001
