"scientificName";"decimalLongitude";"decimalLatitude";"wc2.1_30s_bio_1";"wc2.1_30s_bio_2";"wc2.1_30s_bio_3";"wc2.1_30s_bio_4";"wc2.1_30s_bio_5";"wc2.1_30s_bio_6";"wc2.1_30s_bio_7";"wc2.1_30s_bio_8";"wc2.1_30s_bio_9";"wc2.1_30s_bio_10";"wc2.1_30s_bio_11";"wc2.1_30s_bio_12";"wc2.1_30s_bio_13";"wc2.1_30s_bio_14";"wc2.1_30s_bio_15";"wc2.1_30s_bio_16";"wc2.1_30s_bio_17";"wc2.1_30s_bio_18";"wc2.1_30s_bio_19";"swc_fr";"stress"
"Dichotomius agenor";-75,052837;9,16398099999976;27,783332824707;10,0499992370605;78,515625;49,9242057800293;34,5999984741211;21,7999992370605;12,7999992370605;27,3333320617676;28,1833343505859;28,466667175293;27,2333335876465;1311;186;15;58,3161354064941;505;58;154;437;55,000431060791;-56
"Dichotomius agenor";-73,45416;9,53493199999997;28,4916667938232;11,0833339691162;79,736213684082;57,9511299133301;35,7999992370605;21,8999996185303;13,8999996185303;27,75;28,533332824707;29,1833324432373;27,75;1582;240;15;60,3888816833496;631;79;251;631;69;-69
"Dichotomius agenor";-73,453698;9,57622599999998;28,5041656494141;11,0916662216187;79,2261810302734;62,1383628845215;35,9000015258789;21,8999996185303;14,0000019073486;27,6999988555908;28,5499992370605;29,216667175293;27,6999988555908;1463;201;20;53,1072578430176;576;108;229;576;69;-68
"Dichotomius agenor";-75,201778;9,77625000000005;26,0874996185303;10,3083333969116;77,5062713623047;47,1035919189453;32,7999992370605;19,5;13,2999992370605;25,783332824707;26,2999992370605;26,6000003814697;25,466667175293;1556;217;24;55,8576583862305;622;85;327;433;67,0002212524414;-65,0002212524414
"Dichotomius agenor";-75,191306;9,89477800000012;25,0375003814697;9,92500019073486;78,7698516845703;45,4834899902344;31,2999992370605;18,7000007629395;12,5999984741211;24,783332824707;25,1166667938232;25,5166664123535;24,4500007629395;1642;272;17;62,9841156005859;689;66;359;488;69;-69
"Dichotomius agenor";-75,224129;9,74979199999997;26,0041656494141;10,2083330154419;77,3358535766602;47,6949729919434;32,7000007629395;19,5;13,2000007629395;25,7000007629395;26,2000007629395;26,5166664123535;25,3833332061768;1588;264;15;62,5685997009277;674;72;313;467;66,9995651245117;-64,9995651245117
"Dichotomius agenor";-73,514402;9,49109900000001;28,3833332061768;10,9166669845581;78,5371627807617;59,4800834655762;35,7000007629395;21,7999992370605;13,9000015258789;27,9166660308838;28,3833332061768;29,1166667938232;27,6333332061768;1747;290;12;59,5667686462402;659;83;261;506;69;-69
"Dichotomius agenor";-73,519938;9,52724600000003;28,5416660308838;11,0166664123535;79,2565841674805;60,6718063354492;35,9000015258789;22;13,9000015258789;27,783332824707;28,5833320617676;29,2833347320557;27,783332824707;1558;252;14;60,3868560791016;636;87;226;493;69;-68
"Dichotomius agenor";-73,519371;9,51817499999998;28,5249996185303;11;78,571418762207;61,4040603637695;35,9000015258789;21,8999996185303;14,0000019073486;27,75;28,5666656494141;29,2666664123535;27,75;1619;308;14;63,673698425293;686;81;238;686;69;-68
"Dichotomius agenor";-73,50492;9,48047600000001;28,3291664123535;10,908332824707;77,9166641235352;58,9089431762695;35,7000007629395;21,7000007629395;14;27,6000003814697;28,3500003814697;29,0666656494141;27,6000003814697;1654;258;14;59,2508544921875;653;78;263;653;69;-69,0004348754883
"Dichotomius agenor";-73,458622;9,55570299999997;28,5541667938232;11,125;79,4642791748047;58,5219345092773;35,9000015258789;21,8999996185303;14,0000019073486;27,7999992370605;29,0666675567627;29,2333335876465;27,7999992370605;1392;239;24;56,7553176879883;519;103;213;519;69;-68,9993362426758
"Dichotomius agenor";-73,520155;9,60852700000007;28,5874996185303;11,0916662216187;79,226188659668;62,4909248352051;36;22;14;28,0833320617676;28,6499996185303;29,3500003814697;27,7999992370605;1470;258;18;58,428783416748;619;93;238;600;68;-65,9993362426758
"Dichotomius agenor";-73,597363;9,71412699999994;28,5416660308838;10,8166666030884;78,3816452026367;67,9850921630859;36;22,2000007629395;13,7999992370605;27,716667175293;28,5833339691162;29,3666667938232;27,6833324432373;1482;233;14;58,4762840270996;561;81;294;414;60,0004348754883;-59,0004348754883
"Dichotomius agenor";-73,290659;9,54222700000014;27,470832824707;11,0083332061768;80,3527908325195;56,2243309020996;34,5;20,7999992370605;13,7000007629395;26,7666664123535;27,3666667938232;28,0499992370605;26,7333335876465;1534;262;23;58,0841369628906;647;93;269;507;70,0004348754883;-76,9993362426758
"Dichotomius agenor";-73,282509;9,55078799999995;27,0708332061768;10,9583339691162;80,5759811401367;53,9974098205566;34;20,3999996185303;13,6000003814697;26,3833332061768;27,3999996185303;27,6166667938232;26,3500003814697;1499;269;16;57,7935371398926;649;108;235;548;70,9993286132812;-76,9993286132812
"Dichotomius agenor";-73,89056;7,25533000000009;28,0666675567627;11,25;88,5826873779297;34,3995895385742;34,5999984741211;21,8999996185303;12,6999988555908;27,6000003814697;28,216667175293;28,4833335876465;27,6000003814697;2897;462;41;51,8721885681152;1128;219;536;1128;71;-85,0004196166992
"Dichotomius agenor";-73,853441;7,33566099999996;28,095832824707;11,2749996185303;88,0859298706055;33,740894317627;34,7000007629395;21,8999996185303;12,8000011444092;27,6499996185303;28,1833324432373;28,5;27,6499996185303;3084;449;42;53,8953590393066;1198;205;540;1198;70;-84,0004196166992
"Dichotomius agenor";-73,70668;7,30155000000004;27,8125;11,6750001907349;88,4469833374023;32,8304862976074;34,5999984741211;21,3999996185303;13,1999988555908;27,5666675567627;27,8833332061768;28,2000007629395;27,3833332061768;2528;418;39;54,6995048522949;945;212;530;902;72;-87
"Dichotomius agenor";-73,843614;7,33439999999986;28,091667175293;11,283332824707;88,1510314941406;33,6987686157227;34,7000007629395;21,8999996185303;12,8000011444092;27,6499996185303;28,1833324432373;28,5;27,6499996185303;2983;448;35;53,4708862304688;1144;212;546;1144;70;-84,9993362426758
"Dichotomius agenor";-73,855205;7,28602599999996;27,9791660308838;11,4416666030884;88,6951065063477;33,5381927490234;34,5999984741211;21,7000007629395;12,8999977111816;27,533332824707;28,0666675567627;28,3833332061768;27,533332824707;2835;448;36;52,6627006530762;1105;214;525;1105;70;-85
"Dichotomius agenor";-73,878061;7,26434300000007;28,0416660308838;11,3000001907349;88,9763870239258;34,101001739502;34,5999984741211;21,8999996185303;12,6999988555908;27,5833339691162;28,1499996185303;28,4500007629395;27,5833339691162;2884;443;36;54,8757209777832;1124;179;532;1124;71;-85
"Dichotomius agenor";-73,768617;7,34873199999985;27,8875007629395;11,4583330154419;88,1410369873047;32,8304634094238;34,5999984741211;21,6000003814697;12,9999980926514;27,466667175293;27,9500007629395;28,283332824707;27,466667175293;2780;418;43;48,9362030029297;1083;266;517;1083;70;-85
"Dichotomius agenor";-73,890041;7,27663700000013;28,0708332061768;11,2249994277954;88,3858337402344;34,407844543457;34,5999984741211;21,8999996185303;12,6999988555908;27,7666664123535;28,1999988555908;28,4833335876465;27,6000003814697;2895;426;42;51,1262664794922;1073;204;536;1057;71;-85
"Dichotomius agenor";-73,857472;7,26107200000004;27,9833335876465;11,4833326339722;89,0180969238281;32,2161407470703;34,5999984741211;21,7000007629395;12,8999977111816;27,5499992370605;28,0833339691162;28,3666667938232;27,5499992370605;2826;448;36;53,374641418457;1058;203;512;1058;71;-85,0004196166992
"Dichotomius agenor";-73,792786;7,40833099999991;28,1083335876465;11,1000003814697;86,7187423706055;35,1511535644531;34,7000007629395;21,8999996185303;12,8000011444092;27,8333339691162;28,1666660308838;28,533332824707;27,6500015258789;2776;379;42;50,6400985717773;1045;222;520;1020;70;-84
"Dichotomius agenor";-73,817819;7,26975699999999;27,9208335876465;11,5916662216187;89,1666793823242;32,4358329772949;34,5999984741211;21,6000003814697;12,9999980926514;27,6666660308838;28,0166664123535;28,3166656494141;27,5;2769;459;36;58,967960357666;1110;170;490;1005;70;-85,0004196166992
"Dichotomius agenor";-73,903531;7,26133100000003;28,1208324432373;11,1083335876465;88,1613845825195;34,407829284668;34,5999984741211;22;12,5999984741211;27,8166675567627;28,2666664123535;28,533332824707;27,6499996185303;2697;425;37;53,8046035766602;1024;157;534;983;71;-85
"Dichotomius agenor";-73,873114;7,24680599999994;28,0458335876465;11,4083337783813;89,1276092529297;32,0835494995117;34,5999984741211;21,7999992370605;12,7999992370605;27,6166667938232;28,1666660308838;28,4333324432373;27,6166667938232;2819;387;42;52,6954612731934;1086;186;529;1086;71;-86
"Dichotomius agenor";-73,80747;7,43725400000018;28,1333332061768;10,9333333969116;86,0892333984375;34,2008094787598;34,7000007629395;22;12,7000007629395;27,8666667938232;28,1833343505859;28,5499992370605;27,7000007629395;2887;420;36;54,18017578125;1138;204;478;1112;70;-84
"Dichotomius agenor";-73,88592;7,30115199999998;28,125;11,1666669845581;87,9265060424805;34,012020111084;34,7000007629395;22;12,7000007629395;27,8333339691162;28,25;28,533332824707;27,6666660308838;2935;378;37;52,8541030883789;1072;160;533;1035;70,0010833740234;-85
"Dichotomius agenor";-73,881247;7,23519499999994;28,0583324432373;11,3500003814697;89,3700866699219;33,2916412353516;34,5999984741211;21,8999996185303;12,6999988555908;27,6000003814697;28,1833324432373;28,4499988555908;27,6000003814697;2968;443;33;50,4154090881348;1102;231;582;1102;71,0004196166992;-86
"Dichotomius agenor";-73,83283;7,27803999999989;27,9249992370605;11,5500001907349;88,8461685180664;32,9255256652832;34,5999984741211;21,6000003814697;12,9999980926514;27,4833335876465;28,033332824707;28,3166656494141;27,4833335876465;2902;447;24;54,7574996948242;1122;174;526;1122;70;-85
"Dichotomius agenor";-73,861456;7,40976499999997;28,2374992370605;10,9416656494141;86,1548614501953;34,2534065246582;34,7999992370605;22,1000003814697;12,6999988555908;27,7999992370605;28,283332824707;28,6499996185303;27,7999992370605;2864;390;35;55,9379653930664;1091;150;520;1091;70;-84
"Dichotomius agenor";-73,792362;7,31666800000009;27,9500007629395;11,5;88,4615478515625;33,3711814880371;34,5999984741211;21,6000003814697;12,9999980926514;27,6833343505859;28,033332824707;28,3500003814697;27,5166664123535;2584;367;23;55,5474090576172;1009;155;480;923;70;-85
"Dichotomius agenor";-73,842209;7,41563799999999;28,220832824707;10,9749994277954;85,7421875;34,9972991943359;34,7999992370605;22;12,7999992370605;27,783332824707;28,533332824707;28,6499996185303;27,783332824707;2777;467;32;58,7430725097656;1029;195;488;1029;70;-84
"Dichotomius agenor";-73,902677;7,33717299999993;28,2250003814697;10,8833332061768;87,0666656494141;34,7392883300781;34,7000007629395;22,2000007629395;12,5;27,9333343505859;28,3333339691162;28,6499996185303;27,7666664123535;2910;456;42;53,6252098083496;1127;182;544;1116;70,0006637573242;-84
"Dichotomius agenor";-73,854851;7,392947;28,1916656494141;11,0166664123535;86,0677108764648;35,2157745361328;34,7999992370605;22;12,7999992370605;27,7333335876465;28,25;28,6166648864746;27,7333335876465;2992;424;41;51,0285415649414;1146;215;520;1146;70;-84
"Dichotomius agenor";-73,77881;7,31574599999994;27,9166660308838;11,5833339691162;88,4223937988281;33,4618797302246;34,7000007629395;21,6000003814697;13,1000003814697;27,6499996185303;28;28,3166675567627;27,4833335876465;2637;371;51;49,7136039733887;994;206;530;911;70;-85,0004196166992
"Dichotomius agenor";-73,878142;7,370626;28,2083339691162;10,9666662216187;86,3517150878906;35,2157859802246;34,7999992370605;22,1000003814697;12,6999988555908;27,8999996185303;28,283332824707;28,6333332061768;27,75;2998;470;32;57,8006439208984;1206;147;512;1150;70;-84
"Dichotomius agenor";-73,825764;7,30439000000013;27,9500007629395;11,466667175293;88,8889083862305;33,7773284912109;34,5999984741211;21,7000007629395;12,8999977111816;27,6666679382324;28,0499992370605;28,3500003814697;27,5;2688;386;42;53,7826194763184;1003;172;520;915;70;-85
"Dichotomius agenor";-75,707752;9,39462300000002;27,7666664123535;8,86666679382324;81,3455657958984;38,0987243652344;33,2999992370605;22,3999996185303;10,8999996185303;27,4500007629395;27,966667175293;28,216667175293;27,3166656494141;1236;189;17;63,9930572509766;505;59;277;483;59;-59
"Dichotomius agenor";-75,708397;9,38489199999999;27,6875;8,90833282470703;81,7278137207031;38,7957954406738;33,2000007629395;22,2999992370605;10,9000015258789;27,3666667938232;27,8833332061768;28,1499996185303;27,2333335876465;1318;212;18;65,6354217529297;570;61;255;498;59,0010871887207;-59,0010871887207
"Dichotomius agenor";-73,866789;7,38564799999998;28,216667175293;10,9499998092651;86,2204742431641;35,1835021972656;34,7999992370605;22,1000003814697;12,6999988555908;27,7666664123535;28,283332824707;28,6499996185303;27,7666664123535;2818;433;35;57,5244827270508;1074;155;497;1074;70;-84
"Dichotomius agenor";-73,86;7,35523000000005;28,1749992370605;11,1666660308838;87,2395858764648;35,6434364318848;34,7999992370605;22;12,7999992370605;27,8833332061768;28,2666664123535;28,6000003814697;27,7000007629395;2976;425;42;55,881706237793;1138;168;534;1129;70;-84
"Dichotomius agenor";-72,553745;11,170382;28,1291675567627;9,875;78,3730239868164;82,8321914672852;34,2999992370605;21,7000007629395;12,5999984741211;27,8999996185303;27,4500007629395;29,1999988555908;27,1333332061768;1009;187;8;69,3600006103516;476;44;236;78;57,0006713867188;-47
"Dichotomius agenor";-72,542547;11,167587;28,0625;9,80833339691162;78,466667175293;83,8051071166992;34,2000007629395;21,7000007629395;12,5;27,8166656494141;27,3833332061768;29,1499996185303;27,0666675567627;978;186;10;68,3288879394531;454;49;224;79;57;-47
"Dichotomius agenor";-73,869583;7,23786100000005;28,0499992370605;11,3999996185303;89,763786315918;32,1925773620605;34,5999984741211;21,8999996185303;12,6999988555908;27,6166667938232;28,1833324432373;28,4333324432373;27,6166667938232;2901;387;37;51,2565650939941;1085;194;542;1085;71,0004196166992;-86
"Dichotomius agenor";-73,886901;7,31324799999985;28,1208343505859;11,1416673660278;87,7296600341797;34,6710548400879;34,7000007629395;22;12,7000007629395;27,8166675567627;28,25;28,533332824707;27,6499996185303;2962;427;37;55,8802146911621;1129;162;498;1102;70,0006637573242;-85
"Dichotomius agenor";-75,37725;3,06666700000003;25,5125007629395;10,5749998092651;85,9756011962891;49,411304473877;32,4000015258789;20,1000003814697;12,3000011444092;25,0166664123535;25,966667175293;26,216667175293;25,0166664123535;1685;227;40;42,7166023254395;598;201;216;598;95,0009155273438;-77,0023498535156
"Dichotomius agenor";-75,388306;3,05947200000004;24,7749996185303;10,2666664123535;85,5555572509766;46,3925895690918;31,5;19,5;12;24,2999992370605;25,2000007629395;25,4333343505859;24,2999992370605;1716;233;48;42,0510482788086;609;209;222;609;96,9993438720703;-81,9986877441406
"Dichotomius agenor";-75,387444;3,07252800000007;24,7416667938232;10,2666664123535;86,2745056152344;45,4689445495605;31,3999996185303;19,5;11,8999996185303;24,2666664123535;25,1499996185303;25,3833332061768;24,2666664123535;1665;226;39;41,7778167724609;585;201;213;585;97;-82,9989471435547
"Dichotomius agenor";-72,629166;11,0264919999999;27,5416660308838;9,91666603088379;78,7037124633789;79,3104782104492;33,5999984741211;21;12,5999984741211;27,3166656494141;26,8999996185303;28,533332824707;26,5666656494141;1008;162;9;66,7909088134766;442;41;244;50;67,9993286132812;-60
"Dichotomius agenor";-72,602937;11,0556879999999;27,4833335876465;9,80000114440918;78,4000091552734;81,1657485961914;33,5;21;12,5;27,2666664123535;26,8333339691162;28,4833335876465;26,4833335876465;1098;223;10;70,797492980957;513;57;257;69;66,001335144043;-58,0008888244629
"Dichotomius agenor";-72,754849;10,9690399999999;27,8958339691162;10,4750003814697;79,9618301391602;73,3440933227539;34,2000007629395;21,1000003814697;13,1000003814697;27,6333332061768;27,3500003814697;28,8333339691162;27,0166664123535;1188;276;6;80,1180953979492;574;46;265;46;63;-56,9988861083984
"Dichotomius agenor";-72,671431;11,054458;27,9500007629395;10,1833333969116;78,940559387207;80,0000152587891;34,2000007629395;21,2999992370605;12,9000015258789;27,7333335876465;27,2999992370605;28,966667175293;26,966667175293;1066;194;10;69,2152709960938;431;39;264;71;68,0006713867188;-60
"Dichotomius agenor";-72,691071;11,105056;27,6124992370605;10,1750001907349;78,8759613037109;78,2805252075195;33,9000015258789;21;12,9000015258789;27,3833332061768;26,9833335876465;28,6166667938232;26,6666660308838;1090;202;11;74,8851013183594;510;43;258;65;71,9988861083984;-64
"Dichotomius agenor";-72,615206;11,1529259999999;27,8208332061768;9,75833320617676;78,0666580200195;84,4085998535156;33,9000015258789;21,3999996185303;12,5000019073486;27,5833320617676;27,1499996185303;28,8833332061768;26,7999992370605;1021;262;7;86,4746780395508;514;32;222;52;63,0042572021484;-53,0035858154297
"Dichotomius agenor";-72,649554;11,0886;27,9958324432373;10,0749998092651;78,7109298706055;81,0010986328125;34,2000007629395;21,3999996185303;12,8000011444092;27,75;27,3666667938232;29,0166664123535;27,0166664123535;1087;199;8;71,5893707275391;501;28;264;72;66,0006713867188;-58,0006713867188
"Dichotomius agenor";-72,569588;11,1066870000002;27,8708343505859;9,84166717529297;78,7333297729492;82,9693145751953;33,9000015258789;21,3999996185303;12,5000019073486;27,6333332061768;27,216667175293;28,9000015258789;26,8666667938232;950;168;7;64,7859420776367;409;29;265;168;58,0004463195801;-50,0011177062988
"Dichotomius agenor";-72,518379;11,148629;27,8999996185303;9,68333339691162;78,7262802124023;84,0454559326172;33,9000015258789;21,6000003814697;12,3000011444092;27,6666660308838;27,216667175293;28,966667175293;26,8833332061768;881;175;11;74,1542205810547;419;33;182;67;58;-47,9993286132812
"Dichotomius agenor";-72,731153;11,038991;27,9333343505859;10,3833332061768;79,8717956542969;74,7521057128906;34,2000007629395;21,2000007629395;13;28,1666679382324;27,3666667938232;28,8999996185303;27,033332824707;1084;221;10;75,9930801391602;517;39;291;55;68,9995574951172;-61
"Dichotomius agenor";-72,618899;11,130697;28,0208339691162;9,90833282470703;78,6375732421875;81,5324325561523;34,0999984741211;21,5;12,5999984741211;27,783332824707;27,3666667938232;29,0499992370605;27,033332824707;1034;185;7;70,0275955200195;470;45;256;59;63,0006713867188;-54,0006713867188
"Dichotomius agenor";-72,577824;11,073491;26,9166660308838;9,56666660308838;78,4153060913086;81,2497024536133;32,7999992370605;20,6000003814697;12,1999988555908;27,2666664123535;26,2333335876465;27,9166660308838;25,8999996185303;1030;189;7;67,1525726318359;449;55;241;66;69,9984283447266;-60,9984283447266
"Dichotomius agenor";-72,642583;11,140864;27,6416664123535;9,96666622161865;78,4776916503906;80,7587051391602;33,7999992370605;21,1000003814697;12,6999988555908;27,9499988555908;27;28,6833324432373;26,6666660308838;1106;197;8;70,9203338623047;503;48;266;58;71,0002288818359;-61,0002250671387
"Dichotomius agenor";-72,610666;11,1404429999999;27,9958343505859;9,82500076293945;78,6000137329102;83,7055969238281;34,0999984741211;21,6000003814697;12,4999980926514;27,7666664123535;27,3166656494141;29,0499992370605;26,9833335876465;1117;260;8;77,9262161254883;555;49;252;59;61,0013427734375;-52,0013427734375
"Dichotomius agenor";-72,587454;11,1414719999999;28,0833339691162;9,86666679382324;78,3068771362305;83,9191665649414;34,2000007629395;21,6000003814697;12,6000003814697;27,8499984741211;27,3999996185303;29,1499996185303;27,0666656494141;1032;166;8;63,5414924621582;436;35;264;82;57,0011177062988;-49,0011177062988
"Dichotomius agenor";-72,527893;11,1577720000001;28,0041656494141;9,79166603088379;78,3333435058594;83,6512603759766;34,0999984741211;21,6000003814697;12,4999980926514;27,783332824707;27,3166656494141;29,0666656494141;26,9833335876465;1057;176;6;71,9980773925781;447;27;253;45;57,9993286132812;-47
"Dichotomius agenor";-75,217439;8,03022199999985;27,5750007629395;10,3000001907349;83,7398300170898;45,5521774291992;34,2000007629395;21,8999996185303;12,3000011444092;27,3333320617676;28,0666656494141;28,2666664123535;27,1666660308838;2428;418;21;65,4467468261719;1083;105;254;860;71;-79,0004272460938
"Dichotomius agenor";-74,214111;6,1014170000001;26,2999992370605;9,43333339691162;88,1619873046875;34,8372993469238;31,7000007629395;21;10,7000007629395;25,8999996185303;26,466667175293;26,5833339691162;25,8333339691162;2714;336;89;35,8071746826172;915;395;582;837;92,0004119873047;-94,9993362426758
"Dichotomius agenor";-73,035183;11,075961;26,8791656494141;10,2249994277954;79,2635803222656;76,9432678222656;33,0999984741211;20,2000007629395;12,8999977111816;26,6333332061768;26,283332824707;27,8333320617676;25,9333324432373;1132;212;13;69,4865112304688;503;41;297;68;67,0002212524414;-58,0002250671387
"Dichotomius agenor";-72,957722;11,0153360000002;23,9874992370605;9,52500057220459;78,7190093994141;72,9920501708984;29,7000007629395;17,6000003814697;12,1000003814697;23,8333339691162;23,3166675567627;24,8666667938232;23,0499992370605;1220;239;18;70,7705535888672;568;61;266;80;67,9997711181641;-61,0004425048828
"Dichotomius agenor";-72,952203;11,023222;23,5583343505859;9,43333339691162;77,9614410400391;75,1614379882812;29,2999992370605;17,2000007629395;12,0999984741211;23,4500007629395;22,8333339691162;24,466667175293;22,5833339691162;1206;235;12;65,3879852294922;527;65;307;96;69,0002212524414;-62,0008964538574
"Dichotomius agenor";-73,009831;11,120289;27,3083324432373;10,3499994277954;79,0076293945312;79,8246002197266;33,7000007629395;20,6000003814697;13,1000003814697;27,0499992370605;26,6833324432373;28,3166656494141;26,3333339691162;1011;154;11;68,6267166137695;447;35;257;71;67;-57
"Dichotomius agenor";-72,910531;11,143175;27,4541664123535;10,1749992370605;78,8759689331055;81,1412506103516;33,7999992370605;20,8999996185303;12,8999996185303;27,1833324432373;26,8166656494141;28,5;26,4833335876465;1072;161;8;65,662109375;436;38;266;63;68;-59
"Dichotomius agenor";-72,917575;11,1490499999999;27,4416656494141;10,1999998092651;78,4615325927734;81,6264724731445;33,7999992370605;20,7999992370605;13;27,1833324432373;26,783332824707;28,4833335876465;26,4499988555908;1077;218;12;73,0349273681641;431;39;245;84;67,9993286132812;-58,9993286132812
"Dichotomius agenor";-75,659164;5,19277799999995;23,466667175293;10,9333333969116;89,6174926757812;36,5148277282715;29,7999992370605;17,6000003814697;12,1999988555908;23,0499992370605;23,5666656494141;23,8833332061768;22,9833335876465;2143;309;106;34,8230934143066;710;329;492;621;93,9995956420898;-92,9995956420898
"Dichotomius agenor";-71,22222;8,55388899999985;21,470832824707;8,27499961853027;81,1274566650391;47,5039749145508;26,2999992370605;16,1000003814697;10,1999988555908;21,6333332061768;20,783332824707;21,8500003814697;20,783332824707;1289;240;27;63,453441619873;588;106;561;106;53,9991416931152;-50,999568939209
"Dichotomius agenor";-73,94556;9,97833299999992;28,4125003814697;11,7250003814697;79,7619171142578;65,5440368652344;36,2999992370605;21,6000003814697;14,6999988555908;27,8500003814697;28,9833335876465;29,2333335876465;27,6000003814697;1385;200;16;59,1009483337402;534;78;179;360;56,0011024475098;-60,0006637573242
"Dichotomius agenor";-75,171061;10,7474609999999;27,5166664123535;8,35000038146973;86,9791641235352;40,0189170837402;32,2000007629395;22,6000003814697;9,60000038146973;27,4500007629395;27,1333332061768;27,9333343505859;26,9833335876465;1127;264;5;81,1896362304688;549;28;295;61;64,9993438720703;-53,9993438720703
"Dichotomius agenor";-75,145936;10,74705;27,2374992370605;8,54166603088379;86,2794570922852;39,087589263916;32;22,1000003814697;9,89999961853027;27,1666660308838;26,8666667938232;27,6333332061768;26,716667175293;1086;202;3;68,7814559936523;488;36;289;55;65;-57,9989013671875
"Dichotomius agenor";-75,14995;10,7375250000001;27,4333324432373;8,60000038146973;86,8686752319336;38,5140533447266;32,2000007629395;22,2999992370605;9,90000152587891;27,3500003814697;27,0833320617676;27,8333339691162;26,9333324432373;1115;270;5;84,3972015380859;553;20;303;41;65;-56,9989013671875
"Dichotomius agenor";-75,061311;10,6928970000001;27,6458339691162;9,39166641235352;85,3787841796875;37,4444198608398;33;22;11;27,6499996185303;27,3999996185303;28,0499992370605;27,1833324432373;1131;204;10;70,7200012207031;511;36;325;166;65;-58
"Dichotomius agenor";-75,155103;10,765344;26,7541675567627;8,50833320617676;85,942756652832;40,7016944885254;31,5;21,6000003814697;9,89999961853027;26,6833343505859;26,3666667938232;27,1666660308838;26,216667175293;1035;190;3;68,4216766357422;462;30;290;55;66;-57,9993438720703
"Dichotomius agenor";-75,170533;10,765336;27,4416656494141;8,19999980926514;87,2340469360352;40,2172050476074;32;22,6000003814697;9,39999961853027;27,3999996185303;27,033332824707;27,8500003814697;26,8999996185303;1041;168;3;66,7688598632812;448;34;303;62;64,9993438720703;-53,9986877441406
"Dichotomius agenor";-73,303611;9,56416699999982;27,6416664123535;11;80,2919692993164;56,9622497558594;34,7000007629395;21;13,7000007629395;26,9166660308838;27,5833339691162;28,25;26,8999996185303;1495;260;22;59,4028625488281;639;96;236;502;69,0004348754883;-74,9993362426758
"Dichotomius agenor";-73,262806;9,60286100000003;27,7916660308838;11,0666675567627;80,1932373046875;59,0005226135254;34,9000015258789;21,1000003814697;13,8000011444092;27,033332824707;27,7333335876465;28,4000015258789;27,0166664123535;1542;233;15;59,0587882995605;595;78;256;428;68,001106262207;-75
"Dichotomius agenor";-73,282889;9,59513900000011;27,875;11,0666666030884;80,1932373046875;57,9380645751953;35;21,2000007629395;13,7999992370605;27,1333332061768;27,8333339691162;28,4833335876465;27,1166667938232;1553;233;15;60,1011238098145;597;78;262;429;69;-74,9993286132812
"Dichotomius agenor";-75,16167;10,2744449999999;28,091667175293;10,6833333969116;79,1357879638672;43,002815246582;34,9000015258789;21,3999996185303;13,5000019073486;27,8833332061768;28,1166667938232;28,6000003814697;27,5499992370605;1355;229;23;64,1987533569336;602;73;260;386;54,0010948181152;-54
"Dichotomius agenor";-79,55;8,94999999999998;27,0375003814697;6,80833387374878;77,3674163818359;64,1420669555664;31,6000003814697;22,7999992370605;8,80000114440918;26,4166660308838;27,3166656494141;27,9333343505859;26,3833332061768;2063;341;19;69,5907287597656;844;60;243;818;86;-78
"Dichotomius agenor";-71,35833;12,193611;27,720832824707;7,89166688919067;71,7424240112305;117,617599487305;33,2999992370605;22,2999992370605;11;27,2666664123535;26,8166675567627;29,0166664123535;26,2333335876465;607;110;7;69,8264846801758;292;54;122;196;33;-19
"Dichotomius agenor";-74,93937;6,51111699999996;23,716667175293;9,16666698455811;88,9967727661133;41,4692344665527;29;18,7000007629395;10,2999992370605;23,283332824707;23,8666667938232;24,1166667938232;23,0833320617676;2971;346;115;34,6153678894043;1007;402;788;853;86,0029830932617;-92,0014877319336
"Dichotomius agenor";-74,88624;6,49601499999997;23,8125;9,15833377838135;88,9158477783203;41,4578285217285;29,1000003814697;18,7999992370605;10,3000011444092;23,3833332061768;23,6166667938232;24,2000007629395;23,1833324432373;2725;358;77;40,8272323608398;963;319;737;718;87,0029830932617;-93,0014877319336
"Dichotomius agenor";-74,90974;6,50215199999999;23,658332824707;9,11666679382324;88,5113296508789;42,471019744873;28,8999996185303;18,6000003814697;10,2999992370605;23,5;23,4500007629395;24,0666656494141;23,0166664123535;2904;359;75;38,1428642272949;1005;362;763;765;87,0027389526367;-93,0008316040039
"Dichotomius agenor";-73,387665;10,36245;28,2041664123535;10,9750003814697;80,109489440918;64,9286041259766;35,2000007629395;21,5;13,7000007629395;27,8666667938232;27,966667175293;28,8500003814697;27,3166656494141;1373;276;14;70,4318695068359;616;69;181;419;54;-56
"Dichotomius agenor";-73,0885;10,514667;27,7875003814697;10,5749998092651;81,3461532592773;57,2921333312988;34,2000007629395;21,2000007629395;13;27,75;27,25;28,2999992370605;27,0666656494141;1291;223;10;66,5052795410156;560;59;367;362;48;-49
"Dichotomius agenor";-75,156944;3,23055600000001;27,3166675567627;11,4166679382324;84,5678939819336;61,9873008728027;34,9000015258789;21,3999996185303;13,5000019073486;26,966667175293;28,1666679382324;28,1666679382324;26,6666679382324;2180;293;67;42,0094451904297;753;300;300;727;68,9996032714844;-53,9996032714844
"Dichotomius agenor";-76,103584;8,51030500000012;27,2041664123535;8,32499980926514;90,489143371582;23,9752178192139;31,8999996185303;22,7000007629395;9,19999885559082;27,0833339691162;27,3833332061768;27,5166664123535;26,9166660308838;1605;237;22;60,2648963928223;624;81;174;540;63,0010795593262;-67,0004272460938
"Dichotomius agenor";-75,91111;8,73944500000007;27,8291664123535;9,02499961853027;84,3458023071289;29,3457889556885;33,0999984741211;22,3999996185303;10,6999988555908;27,966667175293;27,9333324432373;28,2000007629395;27,5166664123535;1477;200;18;59,6665000915527;582;70;339;471;55;-60
"Dichotomius agenor";-68;10,0000000000001;24,1666660308838;10,6999998092651;75,3521194458008;60,6904716491699;31,2999992370605;17,1000003814697;14,1999988555908;23,7333335876465;24,1499996185303;25,0833339691162;23,7333335876465;1297;227;13;70,8118743896484;619;46;244;619;56,0038528442383;-63,00341796875
"Dichotomius agenor";-72,97525;10,5836600000001;27,1083335876465;10,5;81,3953475952148;58,6527862548828;33,2999992370605;20,3999996185303;12,8999996185303;26,7666664123535;26,8500003814697;27,716667175293;26,3500003814697;1228;224;12;69,1307144165039;533;64;317;181;48,9993286132812;-48,9993286132812
"Dichotomius agenor";-71,7104;7,66219999999993;26,4208335876465;9,67500019073486;84,1304397583008;38,2253036499023;31,7999992370605;20,2999992370605;11,5;26,4166660308838;25,8833332061768;26,75;25,8833332061768;2192;354;31;59,7024230957031;898;146;503;146;75;-81
"Dichotomius agenor";-74,72649;5,36681000000006;27,6499996185303;10,466667175293;84,4086074829102;49,6350517272949;34,5;22,1000003814697;12,3999996185303;27,2333335876465;27,716667175293;28,25;27;2502;370;89;43,4291229248047;889;339;551;816;83;-81
"Dichotomius agenor";-74,17694;11,1738889999999;27,3083324432373;8,83333301544189;81,0397415161133;51,3823776245117;32,4000015258789;21,5;10,9000015258789;27,0166664123535;26,9833335876465;27,9166660308838;26,7000007629395;944;191;4;82,6293640136719;477;16;251;137;49,0031661987305;-42,0033836364746
"Dichotomius agenor";-74,14139;11,138056;25;9,05000019073486;81,5315246582031;53,8516387939453;30,1000003814697;19;11,1000003814697;24,75;24,6000003814697;25,6333332061768;24,3333339691162;1258;286;10;80,6138687133789;647;50;355;207;74,001335144043;-76,001335144043
"Dichotomius agenor";-75,172524;8,58924499999999;27,8500003814697;9,6833324432373;82,0621490478516;38,3761405944824;34,0999984741211;22,2999992370605;11,7999992370605;27,5499992370605;27,8166656494141;28,3999996185303;27,4499988555908;2690;427;24;70,8620986938477;1192;99;265;995;64,9993438720703;-72
"Dichotomius agenor";-75,68362;9,70623300000003;NA;NA;NA;NA;NA;NA;NA;NA;NA;NA;NA;NA;NA;NA;NA;NA;NA;NA;NA;64;-59
"Dichotomius agenor";-75,633333;9,69999999999999;27,8291664123535;9,14166641235352;79,4927673339844;39,7982597351074;33,5999984741211;22,1000003814697;11,4999980926514;27,5166664123535;27,9833335876465;28,3166675567627;27,3500003814697;1399;248;14;65,7849655151367;623;52;267;438;64;-59
"Dichotomius agenor";-73,31056;10,5749999999999;22,6958332061768;9,85833358764648;80,8060073852539;55,2867889404297;28,5;16,2999992370605;12,2000007629395;22,3500003814697;22,4333343505859;23,3166656494141;22;1692;313;19;65,4299392700195;741;98;423;237;71,9997863769531;-79,9980163574219
"Dichotomius agenor";-74,63007;6,23794000000002;27,1458339691162;9,79166603088379;90,6635818481445;30,6340579986572;32,5999984741211;21,7999992370605;10,7999992370605;26,75;27,3166656494141;27,3999996185303;26,7000007629395;2950;427;85;42,4068489074707;1052;372;620;940;81,9982681274414;-90
"Dichotomius agenor";-71,2;8,55949999999995;21,033332824707;8,11666679382324;80,363037109375;47,831787109375;25,7999992370605;15,6999998092651;10,0999994277954;21,3999996185303;20,5833339691162;21,3999996185303;20,3500003814697;1095;149;27;46,0582847595215;404;111;313;121;59,9964942932129;-56,9969215393066
"Dichotomius agenor";-74,640278;6,54388899999996;25,9291667938232;9,57499980926514;91,1904754638672;33,3342971801758;31,2000007629395;20,7000007629395;10,5;25,7333335876465;25,8666667938232;26,2333335876465;25,4500007629395;2863;400;79;45,4865875244141;1038;329;624;743;82,0017318725586;-91,0006561279297
"Dichotomius agenor";-75,346128;3,9029920000001;25,1625003814697;9,875;80,9426193237305;66,1308975219727;32;19,7999992370605;12,2000007629395;24,4333324432373;25,8666667938232;26,1000003814697;24,4333324432373;1929;282;43;46,9625129699707;751;213;252;751;94,0010528564453;-86,0021057128906
"Dichotomius agenor";-74,104164;11,294723;26,8250007629395;8,21666622161865;80,555549621582;58,1338653564453;31,5;21,2999992370605;10,2000007629395;26,7000007629395;26,25;27,5166664123535;26,0666656494141;1021;205;4;84,7609710693359;503;13;292;33;68,9984588623047;-54,9993476867676
"Dichotomius agenor";-74,777504;5,093889;26,9125003814697;10,1083335876465;85,6638336181641;44,1652221679688;33,4000015258789;21,6000003814697;11,8000011444092;26,5166664123535;26,8333339691162;27,3999996185303;26,3000011444092;1952;274;80;41,3746032714844;682;314;369;618;77,9998474121094;-74,0005035400391
"Dichotomius agenor";-75,767784;5,093889;21,6625003814697;10,2250003814697;91,2946395874023;31,9178848266602;27,5;16,2999992370605;11,2000007629395;21,2666664123535;21,716667175293;21,966667175293;21,216667175293;2117;276;97;32,0683364868164;708;339;385;639;95,0006561279297;-95,0010604858398
"Dichotomius agenor";-74,88113;9,74513000000006;27,8500003814697;11,1000003814697;76,5517120361328;55,677661895752;35,4000015258789;20,8999996185303;14,5000019073486;27,3999996185303;28,2000007629395;28,5166664123535;27,1666660308838;1513;247;12;64,1198120117188;611;69;156;454;39,0006561279297;-42
"Dichotomius agenor";-74,866667;4,13333299999993;27,6916675567627;11;85,2713088989258;44,7636871337891;34,7000007629395;21,7999992370605;12,9000015258789;27,5499992370605;27,7000007629395;28,25;27,216667175293;1748;252;61;47,5990028381348;657;260;300;529;64,9993438720703;-64,0004043579102
"Dichotomius agenor";-61,289584;10,692397;24,9874992370605;7,32499980926514;78,7634506225586;62,6724739074707;29,3999996185303;20,1000003814697;9,29999923706055;25,3166675567627;24,5833339691162;25,5;24,1000003814697;2163;247;65;39,0107498168945;731;242;693;450;97,9988174438477;-90,9983749389648
"Dichotomius agenor";-74,458993;4,79356800000005;19,6791667938232;9,05833339691162;87,099365234375;33,8081855773926;24,7999992370605;14,3999996185303;10,3999996185303;19,8833332061768;19,8999996185303;19,9833335876465;19,2000007629395;2023;244;69;33,4136695861816;653;304;614;637;100;-91,9989318847656
"Dichotomius agenor";-61,4185;10,7136780000001;25,7000007629395;7,41666698455811;79,7490997314453;60,5279808044434;30,1000003814697;20,7999992370605;9,30000114440918;26,0499992370605;25,3500003814697;26,1833324432373;24,8333320617676;2003;269;54;47,1156005859375;712;207;698;322;92,0022277832031;-83,0029678344727
"Dichotomius agenor";-61,4048;10,6300000000001;26,6875;7,67499971389771;80,7894744873047;59,2040023803711;31,2000007629395;21,7000007629395;9,5;26,1333332061768;26,966667175293;27,1666660308838;25,8333339691162;1216;225;27;54,7807350158691;494;133;253;404;89;-77
"Dichotomius agenor";-61,39;10,64;26,6208324432373;7,74166631698608;81,4912261962891;59,2935028076172;31,1000003814697;21,6000003814697;9,5;26,0499992370605;26,3500003814697;27,1000003814697;25,7666664123535;1172;172;28;46,8998756408691;467;120;198;355;89,9992599487305;-78
"Dichotomius agenor";-61,36;10,65;26,2458324432373;7,62500047683716;81,1170120239258;59,5993766784668;30,7000007629395;21,2999992370605;9,40000152587891;26,5;25,9333324432373;26,716667175293;25,3999996185303;1970;269;60;46,5067367553711;749;195;435;338;92;-80,9988174438477
"Dichotomius agenor";-72,98633;10,494716;21,6791667938232;9,625;79,5454635620117;61,8817863464355;27,2999992370605;15,1999998092651;12,0999994277954;21,5166664123535;20,8666667938232;22,3500003814697;20,8666667938232;1430;270;14;73,7002258300781;606;73;286;73;74,9981994628906;-80,9966354370117
"Dichotomius agenor";-71,3356;8,49230000000001;23,1708335876465;8,95833301544189;83,7227478027344;44,1308937072754;28,2999992370605;17,6000003814697;10,6999988555908;23,3166656494141;22,533332824707;23,5499992370605;22,533332824707;1114;165;30;49,6838340759277;421;114;404;114;46,9996757507324;-43,0003547668457
