scientificName;decimalLongitude;decimalLatitude;wc2.1_30s_bio_1;wc2.1_30s_bio_2;wc2.1_30s_bio_3;wc2.1_30s_bio_4;wc2.1_30s_bio_5;wc2.1_30s_bio_6;wc2.1_30s_bio_7;wc2.1_30s_bio_8;wc2.1_30s_bio_9;wc2.1_30s_bio_10;wc2.1_30s_bio_11;wc2.1_30s_bio_12;wc2.1_30s_bio_13;wc2.1_30s_bio_14;wc2.1_30s_bio_15;wc2.1_30s_bio_16;wc2.1_30s_bio_17;wc2.1_30s_bio_18;wc2.1_30s_bio_19
Dichotomius agenor;-75,052,837;916,398,099,999,976;27,783,332,824,707;100,499,992,370,605;78,515,625;499,242,057,800,293;345,999,984,741,211;217,999,992,370,605;127,999,992,370,605;273,333,320,617,676;281,833,343,505,859;28,466,667,175,293;272,333,335,876,465;1311;186;15;583,161,354,064,941;505;58;154;437
Dichotomius agenor;-7,345,416;953,493,199,999,997;284,916,667,938,232;110,833,339,691,162;79,736,213,684,082;579,511,299,133,301;357,999,992,370,605;218,999,996,185,303;138,999,996,185,303;27,75;28,533,332,824,707;291,833,324,432,373;27,75;1582;240;15;603,888,816,833,496;631;79;251;631
Dichotomius agenor;-73,453,698;957,622,599,999,998;285,041,656,494,141;110,916,662,216,187;792,261,810,302,734;621,383,628,845,215;359,000,015,258,789;218,999,996,185,303;140,000,019,073,486;276,999,988,555,908;285,499,992,370,605;29,216,667,175,293;276,999,988,555,908;1463;201;20;531,072,578,430,176;576;108;229;576
Dichotomius agenor;-75,201,778;977,625,000,000,005;260,874,996,185,303;103,083,333,969,116;775,062,713,623,047;471,035,919,189,453;327,999,992,370,605;19,5;132,999,992,370,605;25,783,332,824,707;262,999,992,370,605;266,000,003,814,697;25,466,667,175,293;1556;217;24;558,576,583,862,305;622;85;327;433
Dichotomius agenor;-75,191,306;989,477,800,000,012;250,375,003,814,697;992,500,019,073,486;787,698,516,845,703;454,834,899,902,344;312,999,992,370,605;187,000,007,629,395;125,999,984,741,211;24,783,332,824,707;251,166,667,938,232;255,166,664,123,535;244,500,007,629,395;1642;272;17;629,841,156,005,859;689;66;359;488
Dichotomius agenor;-75,224,129;974,979,199,999,997;260,041,656,494,141;102,083,330,154,419;773,358,535,766,602;476,949,729,919,434;327,000,007,629,395;19,5;132,000,007,629,395;257,000,007,629,395;262,000,007,629,395;265,166,664,123,535;253,833,332,061,768;1588;264;15;625,685,997,009,277;674;72;313;467
Dichotomius agenor;-73,514,402;949,109,900,000,001;283,833,332,061,768;109,166,669,845,581;785,371,627,807,617;594,800,834,655,762;357,000,007,629,395;217,999,992,370,605;139,000,015,258,789;279,166,660,308,838;283,833,332,061,768;291,166,667,938,232;276,333,332,061,768;1747;290;12;595,667,686,462,402;659;83;261;506
Dichotomius agenor;-73,519,938;952,724,600,000,003;285,416,660,308,838;110,166,664,123,535;792,565,841,674,805;606,718,063,354,492;359,000,015,258,789;22;139,000,015,258,789;27,783,332,824,707;285,833,320,617,676;292,833,347,320,557;27,783,332,824,707;1558;252;14;603,868,560,791,016;636;87;226;493
Dichotomius agenor;-73,519,371;951,817,499,999,998;285,249,996,185,303;11;78,571,418,762,207;614,040,603,637,695;359,000,015,258,789;218,999,996,185,303;140,000,019,073,486;27,75;285,666,656,494,141;292,666,664,123,535;27,75;1619;308;14;63,673,698,425,293;686;81;238;686
Dichotomius agenor;-7,350,492;948,047,600,000,001;283,291,664,123,535;10,908,332,824,707;779,166,641,235,352;589,089,431,762,695;357,000,007,629,395;217,000,007,629,395;14;276,000,003,814,697;283,500,003,814,697;290,666,656,494,141;276,000,003,814,697;1654;258;14;592,508,544,921,875;653;78;263;653
Dichotomius agenor;-73,458,622;955,570,299,999,997;285,541,667,938,232;11,125;794,642,791,748,047;585,219,345,092,773;359,000,015,258,789;218,999,996,185,303;140,000,019,073,486;277,999,992,370,605;290,666,675,567,627;292,333,335,876,465;277,999,992,370,605;1392;239;24;567,553,176,879,883;519;103;213;519
Dichotomius agenor;-73,520,155;960,852,700,000,007;285,874,996,185,303;110,916,662,216,187;79,226,188,659,668;624,909,248,352,051;36;22;14;280,833,320,617,676;286,499,996,185,303;293,500,003,814,697;277,999,992,370,605;1470;258;18;58,428,783,416,748;619;93;238;600
Dichotomius agenor;-73,597,363;971,412,699,999,994;285,416,660,308,838;108,166,666,030,884;783,816,452,026,367;679,850,921,630,859;36;222,000,007,629,395;137,999,992,370,605;27,716,667,175,293;285,833,339,691,162;293,666,667,938,232;276,833,324,432,373;1482;233;14;584,762,840,270,996;561;81;294;414
Dichotomius agenor;-73,290,659;954,222,700,000,014;27,470,832,824,707;110,083,332,061,768;803,527,908,325,195;562,243,309,020,996;34,5;207,999,992,370,605;137,000,007,629,395;267,666,664,123,535;273,666,667,938,232;280,499,992,370,605;267,333,335,876,465;1534;262;23;580,841,369,628,906;647;93;269;507
Dichotomius agenor;-73,282,509;955,078,799,999,995;270,708,332,061,768;109,583,339,691,162;805,759,811,401,367;539,974,098,205,566;34;203,999,996,185,303;136,000,003,814,697;263,833,332,061,768;273,999,996,185,303;276,166,667,938,232;263,500,003,814,697;1499;269;16;577,935,371,398,926;649;108;235;548
Dichotomius agenor;-7,389,056;725,533,000,000,009;280,666,675,567,627;11,25;885,826,873,779,297;343,995,895,385,742;345,999,984,741,211;218,999,996,185,303;126,999,988,555,908;276,000,003,814,697;28,216,667,175,293;284,833,335,876,465;276,000,003,814,697;2897;462;41;518,721,885,681,152;1128;219;536;1128
Dichotomius agenor;-73,853,441;733,566,099,999,996;28,095,832,824,707;112,749,996,185,303;880,859,298,706,055;33,740,894,317,627;347,000,007,629,395;218,999,996,185,303;128,000,011,444,092;276,499,996,185,303;281,833,324,432,373;28,5;276,499,996,185,303;3084;449;42;538,953,590,393,066;1198;205;540;1198
Dichotomius agenor;-7,370,668;730,155,000,000,004;278,125;116,750,001,907,349;884,469,833,374,023;328,304,862,976,074;345,999,984,741,211;213,999,996,185,303;131,999,988,555,908;275,666,675,567,627;278,833,332,061,768;282,000,007,629,395;273,833,332,061,768;2528;418;39;546,995,048,522,949;945;212;530;902
Dichotomius agenor;-73,843,614;733,439,999,999,986;28,091,667,175,293;11,283,332,824,707;881,510,314,941,406;336,987,686,157,227;347,000,007,629,395;218,999,996,185,303;128,000,011,444,092;276,499,996,185,303;281,833,324,432,373;28,5;276,499,996,185,303;2983;448;35;534,708,862,304,688;1144;212;546;1144
Dichotomius agenor;-73,855,205;728,602,599,999,996;279,791,660,308,838;114,416,666,030,884;886,951,065,063,477;335,381,927,490,234;345,999,984,741,211;217,000,007,629,395;128,999,977,111,816;27,533,332,824,707;280,666,675,567,627;283,833,332,061,768;27,533,332,824,707;2835;448;36;526,627,006,530,762;1105;214;525;1105
Dichotomius agenor;-73,878,061;726,434,300,000,007;280,416,660,308,838;113,000,001,907,349;889,763,870,239,258;34,101,001,739,502;345,999,984,741,211;218,999,996,185,303;126,999,988,555,908;275,833,339,691,162;281,499,996,185,303;284,500,007,629,395;275,833,339,691,162;2884;443;36;548,757,209,777,832;1124;179;532;1124
Dichotomius agenor;-73,768,617;734,873,199,999,985;278,875,007,629,395;114,583,330,154,419;881,410,369,873,047;328,304,634,094,238;345,999,984,741,211;216,000,003,814,697;129,999,980,926,514;27,466,667,175,293;279,500,007,629,395;28,283,332,824,707;27,466,667,175,293;2780;418;43;489,362,030,029,297;1083;266;517;1083
Dichotomius agenor;-73,890,041;727,663,700,000,013;280,708,332,061,768;112,249,994,277,954;883,858,337,402,344;34,407,844,543,457;345,999,984,741,211;218,999,996,185,303;126,999,988,555,908;277,666,664,123,535;281,999,988,555,908;284,833,335,876,465;276,000,003,814,697;2895;426;42;511,262,664,794,922;1073;204;536;1057
Dichotomius agenor;-73,857,472;726,107,200,000,004;279,833,335,876,465;114,833,326,339,722;890,180,969,238,281;322,161,407,470,703;345,999,984,741,211;217,000,007,629,395;128,999,977,111,816;275,499,992,370,605;280,833,339,691,162;283,666,667,938,232;275,499,992,370,605;2826;448;36;53,374,641,418,457;1058;203;512;1058
Dichotomius agenor;-73,792,786;740,833,099,999,991;281,083,335,876,465;111,000,003,814,697;867,187,423,706,055;351,511,535,644,531;347,000,007,629,395;218,999,996,185,303;128,000,011,444,092;278,333,339,691,162;281,666,660,308,838;28,533,332,824,707;276,500,015,258,789;2776;379;42;506,400,985,717,773;1045;222;520;1020
Dichotomius agenor;-73,817,819;726,975,699,999,999;279,208,335,876,465;115,916,662,216,187;891,666,793,823,242;324,358,329,772,949;345,999,984,741,211;216,000,003,814,697;129,999,980,926,514;276,666,660,308,838;280,166,664,123,535;283,166,656,494,141;27,5;2769;459;36;58,967,960,357,666;1110;170;490;1005
Dichotomius agenor;-73,903,531;726,133,100,000,003;281,208,324,432,373;111,083,335,876,465;881,613,845,825,195;34,407,829,284,668;345,999,984,741,211;22;125,999,984,741,211;278,166,675,567,627;282,666,664,123,535;28,533,332,824,707;276,499,996,185,303;2697;425;37;538,046,035,766,602;1024;157;534;983
Dichotomius agenor;-73,873,114;724,680,599,999,994;280,458,335,876,465;114,083,337,783,813;891,276,092,529,297;320,835,494,995,117;345,999,984,741,211;217,999,992,370,605;127,999,992,370,605;276,166,667,938,232;281,666,660,308,838;284,333,324,432,373;276,166,667,938,232;2819;387;42;526,954,612,731,934;1086;186;529;1086
Dichotomius agenor;-7,380,747;743,725,400,000,018;281,333,332,061,768;109,333,333,969,116;860,892,333,984,375;342,008,094,787,598;347,000,007,629,395;22;127,000,007,629,395;278,666,667,938,232;281,833,343,505,859;285,499,992,370,605;277,000,007,629,395;2887;420;36;5,418,017,578,125;1138;204;478;1112
Dichotomius agenor;-7,388,592;730,115,199,999,998;28,125;111,666,669,845,581;879,265,060,424,805;34,012,020,111,084;347,000,007,629,395;22;127,000,007,629,395;278,333,339,691,162;28,25;28,533,332,824,707;276,666,660,308,838;2935;378;37;528,541,030,883,789;1072;160;533;1035
Dichotomius agenor;-73,881,247;723,519,499,999,994;280,583,324,432,373;113,500,003,814,697;893,700,866,699,219;332,916,412,353,516;345,999,984,741,211;218,999,996,185,303;126,999,988,555,908;276,000,003,814,697;281,833,324,432,373;284,499,988,555,908;276,000,003,814,697;2968;443;33;504,154,090,881,348;1102;231;582;1102
Dichotomius agenor;-7,383,283;727,803,999,999,989;279,249,992,370,605;115,500,001,907,349;888,461,685,180,664;329,255,256,652,832;345,999,984,741,211;216,000,003,814,697;129,999,980,926,514;274,833,335,876,465;28,033,332,824,707;283,166,656,494,141;274,833,335,876,465;2902;447;24;547,574,996,948,242;1122;174;526;1122
Dichotomius agenor;-73,861,456;740,976,499,999,997;282,374,992,370,605;109,416,656,494,141;861,548,614,501,953;342,534,065,246,582;347,999,992,370,605;221,000,003,814,697;126,999,988,555,908;277,999,992,370,605;28,283,332,824,707;286,499,996,185,303;277,999,992,370,605;2864;390;35;559,379,653,930,664;1091;150;520;1091
Dichotomius agenor;-73,792,362;731,666,800,000,009;279,500,007,629,395;11,5;884,615,478,515,625;333,711,814,880,371;345,999,984,741,211;216,000,003,814,697;129,999,980,926,514;276,833,343,505,859;28,033,332,824,707;283,500,003,814,697;275,166,664,123,535;2584;367;23;555,474,090,576,172;1009;155;480;923
Dichotomius agenor;-73,842,209;741,563,799,999,999;28,220,832,824,707;109,749,994,277,954;857,421,875;349,972,991,943,359;347,999,992,370,605;22;127,999,992,370,605;27,783,332,824,707;28,533,332,824,707;286,499,996,185,303;27,783,332,824,707;2777;467;32;587,430,725,097,656;1029;195;488;1029
Dichotomius agenor;-73,902,677;733,717,299,999,993;282,250,003,814,697;108,833,332,061,768;870,666,656,494,141;347,392,883,300,781;347,000,007,629,395;222,000,007,629,395;12,5;279,333,343,505,859;283,333,339,691,162;286,499,996,185,303;277,666,664,123,535;2910;456;42;536,252,098,083,496;1127;182;544;1116
Dichotomius agenor;-73,854,851;7,392,947;281,916,656,494,141;110,166,664,123,535;860,677,108,764,648;352,157,745,361,328;347,999,992,370,605;22;127,999,992,370,605;277,333,335,876,465;28,25;286,166,648,864,746;277,333,335,876,465;2992;424;41;510,285,415,649,414;1146;215;520;1146
Dichotomius agenor;-7,377,881;731,574,599,999,994;279,166,660,308,838;115,833,339,691,162;884,223,937,988,281;334,618,797,302,246;347,000,007,629,395;216,000,003,814,697;131,000,003,814,697;276,499,996,185,303;28;283,166,675,567,627;274,833,335,876,465;2637;371;51;497,136,039,733,887;994;206;530;911
Dichotomius agenor;-73,878,142;7,370,626;282,083,339,691,162;109,666,662,216,187;863,517,150,878,906;352,157,859,802,246;347,999,992,370,605;221,000,003,814,697;126,999,988,555,908;278,999,996,185,303;28,283,332,824,707;286,333,332,061,768;27,75;2998;470;32;578,006,439,208,984;1206;147;512;1150
Dichotomius agenor;-73,825,764;730,439,000,000,013;279,500,007,629,395;11,466,667,175,293;888,889,083,862,305;337,773,284,912,109;345,999,984,741,211;217,000,007,629,395;128,999,977,111,816;276,666,679,382,324;280,499,992,370,605;283,500,003,814,697;27,5;2688;386;42;537,826,194,763,184;1003;172;520;915
Dichotomius agenor;-75,707,752;939,462,300,000,002;277,666,664,123,535;886,666,679,382,324;813,455,657,958,984;380,987,243,652,344;332,999,992,370,605;223,999,996,185,303;108,999,996,185,303;274,500,007,629,395;27,966,667,175,293;28,216,667,175,293;273,166,656,494,141;1236;189;17;639,930,572,509,766;505;59;277;483
Dichotomius agenor;-75,708,397;938,489,199,999,999;276,875;890,833,282,470,703;817,278,137,207,031;387,957,954,406,738;332,000,007,629,395;222,999,992,370,605;109,000,015,258,789;273,666,667,938,232;278,833,332,061,768;281,499,996,185,303;272,333,335,876,465;1318;212;18;656,354,217,529,297;570;61;255;498
Dichotomius agenor;-73,866,789;738,564,799,999,998;28,216,667,175,293;109,499,998,092,651;862,204,742,431,641;351,835,021,972,656;347,999,992,370,605;221,000,003,814,697;126,999,988,555,908;277,666,664,123,535;28,283,332,824,707;286,499,996,185,303;277,666,664,123,535;2818;433;35;575,244,827,270,508;1074;155;497;1074
Dichotomius agenor;-73,86;735,523,000,000,005;281,749,992,370,605;111,666,660,308,838;872,395,858,764,648;356,434,364,318,848;347,999,992,370,605;22;127,999,992,370,605;278,833,332,061,768;282,666,664,123,535;286,000,003,814,697;277,000,007,629,395;2976;425;42;55,881,706,237,793;1138;168;534;1129
Dichotomius agenor;-72,553,745;11,170,382;281,291,675,567,627;9,875;783,730,239,868,164;828,321,914,672,852;342,999,992,370,605;217,000,007,629,395;125,999,984,741,211;278,999,996,185,303;274,500,007,629,395;291,999,988,555,908;271,333,332,061,768;1009;187;8;693,600,006,103,516;476;44;236;78
Dichotomius agenor;-72,542,547;11,167,587;280,625;980,833,339,691,162;78,466,667,175,293;838,051,071,166,992;342,000,007,629,395;217,000,007,629,395;12,5;278,166,656,494,141;273,833,332,061,768;291,499,996,185,303;270,666,675,567,627;978;186;10;683,288,879,394,531;454;49;224;79
Dichotomius agenor;-73,869,583;723,786,100,000,005;280,499,992,370,605;113,999,996,185,303;89,763,786,315,918;321,925,773,620,605;345,999,984,741,211;218,999,996,185,303;126,999,988,555,908;276,166,667,938,232;281,833,324,432,373;284,333,324,432,373;276,166,667,938,232;2901;387;37;512,565,650,939,941;1085;194;542;1085
Dichotomius agenor;-73,886,901;731,324,799,999,985;281,208,343,505,859;111,416,673,660,278;877,296,600,341,797;346,710,548,400,879;347,000,007,629,395;22;127,000,007,629,395;278,166,675,567,627;28,25;28,533,332,824,707;276,499,996,185,303;2962;427;37;558,802,146,911,621;1129;162;498;1102
Dichotomius agenor;-7,537,725;306,666,700,000,003;255,125,007,629,395;105,749,998,092,651;859,756,011,962,891;49,411,304,473,877;324,000,015,258,789;201,000,003,814,697;123,000,011,444,092;250,166,664,123,535;25,966,667,175,293;26,216,667,175,293;250,166,664,123,535;1685;227;40;427,166,023,254,395;598;201;216;598
Dichotomius agenor;-75,388,306;305,947,200,000,004;247,749,996,185,303;102,666,664,123,535;855,555,572,509,766;463,925,895,690,918;31,5;19,5;12;242,999,992,370,605;252,000,007,629,395;254,333,343,505,859;242,999,992,370,605;1716;233;48;420,510,482,788,086;609;209;222;609
Dichotomius agenor;-75,387,444;307,252,800,000,007;247,416,667,938,232;102,666,664,123,535;862,745,056,152,344;454,689,445,495,605;313,999,996,185,303;19,5;118,999,996,185,303;242,666,664,123,535;251,499,996,185,303;253,833,332,061,768;242,666,664,123,535;1665;226;39;417,778,167,724,609;585;201;213;585
Dichotomius agenor;-72,629,166;110,264,919,999,999;275,416,660,308,838;991,666,603,088,379;787,037,124,633,789;793,104,782,104,492;335,999,984,741,211;21;125,999,984,741,211;273,166,656,494,141;268,999,996,185,303;28,533,332,824,707;265,666,656,494,141;1008;162;9;667,909,088,134,766;442;41;244;50
Dichotomius agenor;-72,602,937;110,556,879,999,999;274,833,335,876,465;980,000,114,440,918;784,000,091,552,734;811,657,485,961,914;33,5;21;12,5;272,666,664,123,535;268,333,339,691,162;284,833,335,876,465;264,833,335,876,465;1098;223;10;70,797,492,980,957;513;57;257;69
Dichotomius agenor;-72,754,849;109,690,399,999,999;278,958,339,691,162;104,750,003,814,697;799,618,301,391,602;733,440,933,227,539;342,000,007,629,395;211,000,003,814,697;131,000,003,814,697;276,333,332,061,768;273,500,003,814,697;288,333,339,691,162;270,166,664,123,535;1188;276;6;801,180,953,979,492;574;46;265;46
Dichotomius agenor;-72,671,431;11,054,458;279,500,007,629,395;101,833,333,969,116;78,940,559,387,207;800,000,152,587,891;342,000,007,629,395;212,999,992,370,605;129,000,015,258,789;277,333,335,876,465;272,999,992,370,605;28,966,667,175,293;26,966,667,175,293;1066;194;10;692,152,709,960,938;431;39;264;71
Dichotomius agenor;-72,691,071;11,105,056;276,124,992,370,605;101,750,001,907,349;788,759,613,037,109;782,805,252,075,195;339,000,015,258,789;21;129,000,015,258,789;273,833,332,061,768;269,833,335,876,465;286,166,667,938,232;266,666,660,308,838;1090;202;11;748,851,013,183,594;510;43;258;65
Dichotomius agenor;-72,615,206;111,529,259,999,999;278,208,332,061,768;975,833,320,617,676;780,666,580,200,195;844,085,998,535,156;339,000,015,258,789;213,999,996,185,303;125,000,019,073,486;275,833,320,617,676;271,499,996,185,303;288,833,332,061,768;267,999,992,370,605;1021;262;7;864,746,780,395,508;514;32;222;52
Dichotomius agenor;-72,649,554;110,886;279,958,324,432,373;100,749,998,092,651;787,109,298,706,055;810,010,986,328,125;342,000,007,629,395;213,999,996,185,303;128,000,011,444,092;27,75;273,666,667,938,232;290,166,664,123,535;270,166,664,123,535;1087;199;8;715,893,707,275,391;501;28;264;72
Dichotomius agenor;-72,569,588;111,066,870,000,002;278,708,343,505,859;984,166,717,529,297;787,333,297,729,492;829,693,145,751,953;339,000,015,258,789;213,999,996,185,303;125,000,019,073,486;276,333,332,061,768;27,216,667,175,293;289,000,015,258,789;268,666,667,938,232;950;168;7;647,859,420,776,367;409;29;265;168
Dichotomius agenor;-72,518,379;11,148,629;278,999,996,185,303;968,333,339,691,162;787,262,802,124,023;840,454,559,326,172;339,000,015,258,789;216,000,003,814,697;123,000,011,444,092;276,666,660,308,838;27,216,667,175,293;28,966,667,175,293;268,833,332,061,768;881;175;11;741,542,205,810,547;419;33;182;67
Dichotomius agenor;-72,731,153;11,038,991;279,333,343,505,859;103,833,332,061,768;798,717,956,542,969;747,521,057,128,906;342,000,007,629,395;212,000,007,629,395;13;281,666,679,382,324;273,666,667,938,232;288,999,996,185,303;27,033,332,824,707;1084;221;10;759,930,801,391,602;517;39;291;55
Dichotomius agenor;-72,618,899;11,130,697;280,208,339,691,162;990,833,282,470,703;786,375,732,421,875;815,324,325,561,523;340,999,984,741,211;21,5;125,999,984,741,211;27,783,332,824,707;273,666,667,938,232;290,499,992,370,605;27,033,332,824,707;1034;185;7;700,275,955,200,195;470;45;256;59
Dichotomius agenor;-72,577,824;11,073,491;269,166,660,308,838;956,666,660,308,838;784,153,060,913,086;812,497,024,536,133;327,999,992,370,605;206,000,003,814,697;121,999,988,555,908;272,666,664,123,535;262,333,335,876,465;279,166,660,308,838;258,999,996,185,303;1030;189;7;671,525,726,318,359;449;55;241;66
Dichotomius agenor;-72,642,583;11,140,864;276,416,664,123,535;996,666,622,161,865;784,776,916,503,906;807,587,051,391,602;337,999,992,370,605;211,000,003,814,697;126,999,988,555,908;279,499,988,555,908;27;286,833,324,432,373;266,666,660,308,838;1106;197;8;709,203,338,623,047;503;48;266;58
Dichotomius agenor;-72,610,666;111,404,429,999,999;279,958,343,505,859;982,500,076,293,945;786,000,137,329,102;837,055,969,238,281;340,999,984,741,211;216,000,003,814,697;124,999,980,926,514;277,666,664,123,535;273,166,656,494,141;290,499,992,370,605;269,833,335,876,465;1117;260;8;779,262,161,254,883;555;49;252;59
Dichotomius agenor;-72,587,454;111,414,719,999,999;280,833,339,691,162;986,666,679,382,324;783,068,771,362,305;839,191,665,649,414;342,000,007,629,395;216,000,003,814,697;126,000,003,814,697;278,499,984,741,211;273,999,996,185,303;291,499,996,185,303;270,666,656,494,141;1032;166;8;635,414,924,621,582;436;35;264;82
Dichotomius agenor;-72,527,893;111,577,720,000,001;280,041,656,494,141;979,166,603,088,379;783,333,435,058,594;836,512,603,759,766;340,999,984,741,211;216,000,003,814,697;124,999,980,926,514;27,783,332,824,707;273,166,656,494,141;290,666,656,494,141;269,833,335,876,465;1057;176;6;719,980,773,925,781;447;27;253;45
Dichotomius agenor;-75,217,439;803,022,199,999,985;275,750,007,629,395;103,000,001,907,349;837,398,300,170,898;455,521,774,291,992;342,000,007,629,395;218,999,996,185,303;123,000,011,444,092;273,333,320,617,676;280,666,656,494,141;282,666,664,123,535;271,666,660,308,838;2428;418;21;654,467,468,261,719;1083;105;254;860
Dichotomius agenor;-74,214,111;61,014,170,000,001;262,999,992,370,605;943,333,339,691,162;881,619,873,046,875;348,372,993,469,238;317,000,007,629,395;21;107,000,007,629,395;258,999,996,185,303;26,466,667,175,293;265,833,339,691,162;258,333,339,691,162;2714;336;89;358,071,746,826,172;915;395;582;837
Dichotomius agenor;-73,035,183;11,075,961;268,791,656,494,141;102,249,994,277,954;792,635,803,222,656;769,432,678,222,656;330,999,984,741,211;202,000,007,629,395;128,999,977,111,816;266,333,332,061,768;26,283,332,824,707;278,333,320,617,676;259,333,324,432,373;1132;212;13;694,865,112,304,688;503;41;297;68
Dichotomius agenor;-72,957,722;110,153,360,000,002;239,874,992,370,605;952,500,057,220,459;787,190,093,994,141;729,920,501,708,984;297,000,007,629,395;176,000,003,814,697;121,000,003,814,697;238,333,339,691,162;233,166,675,567,627;248,666,667,938,232;230,499,992,370,605;1220;239;18;707,705,535,888,672;568;61;266;80
Dichotomius agenor;-72,952,203;11,023,222;235,583,343,505,859;943,333,339,691,162;779,614,410,400,391;751,614,379,882,812;292,999,992,370,605;172,000,007,629,395;120,999,984,741,211;234,500,007,629,395;228,333,339,691,162;24,466,667,175,293;225,833,339,691,162;1206;235;12;653,879,852,294,922;527;65;307;96
Dichotomius agenor;-73,009,831;11,120,289;273,083,324,432,373;103,499,994,277,954;790,076,293,945,312;798,246,002,197,266;337,000,007,629,395;206,000,003,814,697;131,000,003,814,697;270,499,992,370,605;266,833,324,432,373;283,166,656,494,141;263,333,339,691,162;1011;154;11;686,267,166,137,695;447;35;257;71
Dichotomius agenor;-72,910,531;11,143,175;274,541,664,123,535;101,749,992,370,605;788,759,689,331,055;811,412,506,103,516;337,999,992,370,605;208,999,996,185,303;128,999,996,185,303;271,833,324,432,373;268,166,656,494,141;28,5;264,833,335,876,465;1072;161;8;65,662,109,375;436;38;266;63
Dichotomius agenor;-72,917,575;111,490,499,999,999;274,416,656,494,141;101,999,998,092,651;784,615,325,927,734;816,264,724,731,445;337,999,992,370,605;207,999,992,370,605;13;271,833,324,432,373;26,783,332,824,707;284,833,335,876,465;264,499,988,555,908;1077;218;12;730,349,273,681,641;431;39;245;84
Dichotomius agenor;-75,659,164;519,277,799,999,995;23,466,667,175,293;109,333,333,969,116;896,174,926,757,812;365,148,277,282,715;297,999,992,370,605;176,000,003,814,697;121,999,988,555,908;230,499,992,370,605;235,666,656,494,141;238,833,332,061,768;229,833,335,876,465;2143;309;106;348,230,934,143,066;710;329;492;621
Dichotomius agenor;-7,122,222;855,388,899,999,985;21,470,832,824,707;827,499,961,853,027;811,274,566,650,391;475,039,749,145,508;262,999,992,370,605;161,000,003,814,697;101,999,988,555,908;216,333,332,061,768;20,783,332,824,707;218,500,003,814,697;20,783,332,824,707;1289;240;27;63,453,441,619,873;588;106;561;106
Dichotomius agenor;-7,394,556;997,833,299,999,992;284,125,003,814,697;117,250,003,814,697;797,619,171,142,578;655,440,368,652,344;362,999,992,370,605;216,000,003,814,697;146,999,988,555,908;278,500,003,814,697;289,833,335,876,465;292,333,335,876,465;276,000,003,814,697;1385;200;16;591,009,483,337,402;534;78;179;360
Dichotomius agenor;-75,171,061;107,474,609,999,999;275,166,664,123,535;835,000,038,146,973;869,791,641,235,352;400,189,170,837,402;322,000,007,629,395;226,000,003,814,697;960,000,038,146,973;274,500,007,629,395;271,333,332,061,768;279,333,343,505,859;269,833,335,876,465;1127;264;5;811,896,362,304,688;549;28;295;61
Dichotomius agenor;-75,145,936;1,074,705;272,374,992,370,605;854,166,603,088,379;862,794,570,922,852;39,087,589,263,916;32;221,000,003,814,697;989,999,961,853,027;271,666,660,308,838;268,666,667,938,232;276,333,332,061,768;26,716,667,175,293;1086;202;3;687,814,559,936,523;488;36;289;55
Dichotomius agenor;-7,514,995;107,375,250,000,001;274,333,324,432,373;860,000,038,146,973;868,686,752,319,336;385,140,533,447,266;322,000,007,629,395;222,999,992,370,605;990,000,152,587,891;273,500,003,814,697;270,833,320,617,676;278,333,339,691,162;269,333,324,432,373;1115;270;5;843,972,015,380,859;553;20;303;41
Dichotomius agenor;-75,061,311;106,928,970,000,001;276,458,339,691,162;939,166,641,235,352;853,787,841,796,875;374,444,198,608,398;33;22;11;276,499,996,185,303;273,999,996,185,303;280,499,992,370,605;271,833,324,432,373;1131;204;10;707,200,012,207,031;511;36;325;166
Dichotomius agenor;-75,155,103;10,765,344;267,541,675,567,627;850,833,320,617,676;85,942,756,652,832;407,016,944,885,254;31,5;216,000,003,814,697;989,999,961,853,027;266,833,343,505,859;263,666,667,938,232;271,666,660,308,838;26,216,667,175,293;1035;190;3;684,216,766,357,422;462;30;290;55
Dichotomius agenor;-75,170,533;10,765,336;274,416,656,494,141;819,999,980,926,514;872,340,469,360,352;402,172,050,476,074;32;226,000,003,814,697;939,999,961,853,027;273,999,996,185,303;27,033,332,824,707;278,500,003,814,697;268,999,996,185,303;1041;168;3;667,688,598,632,812;448;34;303;62
Dichotomius agenor;-73,303,611;956,416,699,999,982;276,416,664,123,535;11;802,919,692,993,164;569,622,497,558,594;347,000,007,629,395;21;137,000,007,629,395;269,166,660,308,838;275,833,339,691,162;28,25;268,999,996,185,303;1495;260;22;594,028,625,488,281;639;96;236;502
Dichotomius agenor;-73,262,806;960,286,100,000,003;277,916,660,308,838;110,666,675,567,627;801,932,373,046,875;590,005,226,135,254;349,000,015,258,789;211,000,003,814,697;138,000,011,444,092;27,033,332,824,707;277,333,335,876,465;284,000,015,258,789;270,166,664,123,535;1542;233;15;590,587,882,995,605;595;78;256;428
Dichotomius agenor;-73,282,889;959,513,900,000,011;27,875;110,666,666,030,884;801,932,373,046,875;579,380,645,751,953;35;212,000,007,629,395;137,999,992,370,605;271,333,332,061,768;278,333,339,691,162;284,833,335,876,465;271,166,667,938,232;1553;233;15;601,011,238,098,145;597;78;262;429
Dichotomius agenor;-7,516,167;102,744,449,999,999;28,091,667,175,293;106,833,333,969,116;791,357,879,638,672;43,002,815,246,582;349,000,015,258,789;213,999,996,185,303;135,000,019,073,486;278,833,332,061,768;281,166,667,938,232;286,000,003,814,697;275,499,992,370,605;1355;229;23;641,987,533,569,336;602;73;260;386
Dichotomius agenor;-79,55;894,999,999,999,998;270,375,003,814,697;680,833,387,374,878;773,674,163,818,359;641,420,669,555,664;316,000,003,814,697;227,999,992,370,605;880,000,114,440,918;264,166,660,308,838;273,166,656,494,141;279,333,343,505,859;263,833,332,061,768;2063;341;19;695,907,287,597,656;844;60;243;818
Dichotomius agenor;-7,135,833;12,193,611;27,720,832,824,707;789,166,688,919,067;717,424,240,112,305;117,617,599,487,305;332,999,992,370,605;222,999,992,370,605;11;272,666,664,123,535;268,166,675,567,627;290,166,664,123,535;262,333,335,876,465;607;110;7;698,264,846,801,758;292;54;122;196
Dichotomius agenor;-7,493,937;651,111,699,999,996;23,716,667,175,293;916,666,698,455,811;889,967,727,661,133;414,692,344,665,527;29;187,000,007,629,395;102,999,992,370,605;23,283,332,824,707;238,666,667,938,232;241,166,667,938,232;230,833,320,617,676;2971;346;115;346,153,678,894,043;1007;402;788;853
Dichotomius agenor;-7,488,624;649,601,499,999,997;238,125;915,833,377,838,135;889,158,477,783,203;414,578,285,217,285;291,000,003,814,697;187,999,992,370,605;103,000,011,444,092;233,833,332,061,768;236,166,667,938,232;242,000,007,629,395;231,833,324,432,373;2725;358;77;408,272,323,608,398;963;319;737;718
Dichotomius agenor;-7,490,974;650,215,199,999,999;23,658,332,824,707;911,666,679,382,324;885,113,296,508,789;42,471,019,744,873;288,999,996,185,303;186,000,003,814,697;102,999,992,370,605;23,5;234,500,007,629,395;240,666,656,494,141;230,166,664,123,535;2904;359;75;381,428,642,272,949;1005;362;763;765
Dichotomius agenor;-73,387,665;1,036,245;282,041,664,123,535;109,750,003,814,697;80,109,489,440,918;649,286,041,259,766;352,000,007,629,395;21,5;137,000,007,629,395;278,666,667,938,232;27,966,667,175,293;288,500,003,814,697;273,166,656,494,141;1373;276;14;704,318,695,068,359;616;69;181;419
Dichotomius agenor;-730,885;10,514,667;277,875,003,814,697;105,749,998,092,651;813,461,532,592,773;572,921,333,312,988;342,000,007,629,395;212,000,007,629,395;13;27,75;27,25;282,999,992,370,605;270,666,656,494,141;1291;223;10;665,052,795,410,156;560;59;367;362
Dichotomius agenor;-75,156,944;323,055,600,000,001;273,166,675,567,627;114,166,679,382,324;845,678,939,819,336;619,873,008,728,027;349,000,015,258,789;213,999,996,185,303;135,000,019,073,486;26,966,667,175,293;281,666,679,382,324;281,666,679,382,324;266,666,679,382,324;2180;293;67;420,094,451,904,297;753;300;300;727
Dichotomius agenor;-76,103,584;851,030,500,000,012;272,041,664,123,535;832,499,980,926,514;90,489,143,371,582;239,752,178,192,139;318,999,996,185,303;227,000,007,629,395;919,999,885,559,082;270,833,339,691,162;273,833,332,061,768;275,166,664,123,535;269,166,660,308,838;1605;237;22;602,648,963,928,223;624;81;174;540
Dichotomius agenor;-7,591,111;873,944,500,000,007;278,291,664,123,535;902,499,961,853,027;843,458,023,071,289;293,457,889,556,885;330,999,984,741,211;223,999,996,185,303;106,999,988,555,908;27,966,667,175,293;279,333,324,432,373;282,000,007,629,395;275,166,664,123,535;1477;200;18;596,665,000,915,527;582;70;339;471
Dichotomius agenor;-68;100,000,000,000,001;241,666,660,308,838;106,999,998,092,651;753,521,194,458,008;606,904,716,491,699;312,999,992,370,605;171,000,003,814,697;141,999,988,555,908;237,333,335,876,465;241,499,996,185,303;250,833,339,691,162;237,333,335,876,465;1297;227;13;708,118,743,896,484;619;46;244;619
Dichotomius agenor;-7,297,525;105,836,600,000,001;271,083,335,876,465;10,5;813,953,475,952,148;586,527,862,548,828;332,999,992,370,605;203,999,996,185,303;128,999,996,185,303;267,666,664,123,535;268,500,003,814,697;27,716,667,175,293;263,500,003,814,697;1228;224;12;691,307,144,165,039;533;64;317;181
Dichotomius agenor;-717,104;766,219,999,999,993;264,208,335,876,465;967,500,019,073,486;841,304,397,583,008;382,253,036,499,023;317,999,992,370,605;202,999,992,370,605;11,5;264,166,660,308,838;258,833,332,061,768;26,75;258,833,332,061,768;2192;354;31;597,024,230,957,031;898;146;503;146
Dichotomius agenor;-7,472,649;536,681,000,000,006;276,499,996,185,303;10,466,667,175,293;844,086,074,829,102;496,350,517,272,949;34,5;221,000,003,814,697;123,999,996,185,303;272,333,335,876,465;27,716,667,175,293;28,25;27;2502;370;89;434,291,229,248,047;889;339;551;816
Dichotomius agenor;-7,417,694;111,738,889,999,999;273,083,324,432,373;883,333,301,544,189;810,397,415,161,133;513,823,776,245,117;324,000,015,258,789;21,5;109,000,015,258,789;270,166,664,123,535;269,833,335,876,465;279,166,660,308,838;267,000,007,629,395;944;191;4;826,293,640,136,719;477;16;251;137
Dichotomius agenor;-7,414,139;11,138,056;25;905,000,019,073,486;815,315,246,582,031;538,516,387,939,453;301,000,003,814,697;19;111,000,003,814,697;24,75;246,000,003,814,697;256,333,332,061,768;243,333,339,691,162;1258;286;10;806,138,687,133,789;647;50;355;207
Dichotomius agenor;-75,172,524;858,924,499,999,999;278,500,003,814,697;96,833,324,432,373;820,621,490,478,516;383,761,405,944,824;340,999,984,741,211;222,999,992,370,605;117,999,992,370,605;275,499,992,370,605;278,166,656,494,141;283,999,996,185,303;274,499,988,555,908;2690;427;24;708,620,986,938,477;1192;99;265;995
Dichotomius agenor;-75,633,333;969,999,999,999,999;278,291,664,123,535;914,166,641,235,352;794,927,673,339,844;397,982,597,351,074;335,999,984,741,211;221,000,003,814,697;114,999,980,926,514;275,166,664,123,535;279,833,335,876,465;283,166,675,567,627;273,500,003,814,697;1399;248;14;657,849,655,151,367;623;52;267;438
Dichotomius agenor;-7,331,056;105,749,999,999,999;226,958,332,061,768;985,833,358,764,648;808,060,073,852,539;552,867,889,404,297;28,5;162,999,992,370,605;122,000,007,629,395;223,500,003,814,697;224,333,343,505,859;233,166,656,494,141;22;1692;313;19;654,299,392,700,195;741;98;423;237
Dichotomius agenor;-7,463,007;623,794,000,000,002;271,458,339,691,162;979,166,603,088,379;906,635,818,481,445;306,340,579,986,572;325,999,984,741,211;217,999,992,370,605;107,999,992,370,605;26,75;273,166,656,494,141;273,999,996,185,303;267,000,007,629,395;2950;427;85;424,068,489,074,707;1052;372;620;940
Dichotomius agenor;-71,2;855,949,999,999,995;21,033,332,824,707;811,666,679,382,324;80,363,037,109,375;47,831,787,109,375;257,999,992,370,605;156,999,998,092,651;100,999,994,277,954;213,999,996,185,303;205,833,339,691,162;213,999,996,185,303;203,500,003,814,697;1095;149;27;460,582,847,595,215;404;111;313;121
Dichotomius agenor;-74,640,278;654,388,899,999,996;259,291,667,938,232;957,499,980,926,514;911,904,754,638,672;333,342,971,801,758;312,000,007,629,395;207,000,007,629,395;10,5;257,333,335,876,465;258,666,667,938,232;262,333,335,876,465;254,500,007,629,395;2863;400;79;454,865,875,244,141;1038;329;624;743
Dichotomius agenor;-75,346,128;39,029,920,000,001;251,625,003,814,697;9,875;809,426,193,237,305;661,308,975,219,727;32;197,999,992,370,605;122,000,007,629,395;244,333,324,432,373;258,666,667,938,232;261,000,003,814,697;244,333,324,432,373;1929;282;43;469,625,129,699,707;751;213;252;751
Dichotomius agenor;-74,104,164;11,294,723;268,250,007,629,395;821,666,622,161,865;80,555,549,621,582;581,338,653,564,453;31,5;212,999,992,370,605;102,000,007,629,395;267,000,007,629,395;26,25;275,166,664,123,535;260,666,656,494,141;1021;205;4;847,609,710,693,359;503;13;292;33
Dichotomius agenor;-74,777,504;5,093,889;269,125,003,814,697;101,083,335,876,465;856,638,336,181,641;441,652,221,679,688;334,000,015,258,789;216,000,003,814,697;118,000,011,444,092;265,166,664,123,535;268,333,339,691,162;273,999,996,185,303;263,000,011,444,092;1952;274;80;413,746,032,714,844;682;314;369;618
Dichotomius agenor;-75,767,784;5,093,889;216,625,003,814,697;102,250,003,814,697;912,946,395,874,023;319,178,848,266,602;27,5;162,999,992,370,605;112,000,007,629,395;212,666,664,123,535;21,716,667,175,293;21,966,667,175,293;21,216,667,175,293;2117;276;97;320,683,364,868,164;708;339;385;639
Dichotomius agenor;-7,488,113;974,513,000,000,006;278,500,003,814,697;111,000,003,814,697;765,517,120,361,328;55,677,661,895,752;354,000,015,258,789;208,999,996,185,303;145,000,019,073,486;273,999,996,185,303;282,000,007,629,395;285,166,664,123,535;271,666,660,308,838;1513;247;12;641,198,120,117,188;611;69;156;454
Dichotomius agenor;-74,866,667;413,333,299,999,993;276,916,675,567,627;11;852,713,088,989,258;447,636,871,337,891;347,000,007,629,395;217,999,992,370,605;129,000,015,258,789;275,499,992,370,605;277,000,007,629,395;28,25;27,216,667,175,293;1748;252;61;475,990,028,381,348;657;260;300;529
Dichotomius agenor;-61,289,584;10,692,397;249,874,992,370,605;732,499,980,926,514;787,634,506,225,586;626,724,739,074,707;293,999,996,185,303;201,000,003,814,697;929,999,923,706,055;253,166,675,567,627;245,833,339,691,162;25,5;241,000,003,814,697;2163;247;65;390,107,498,168,945;731;242;693;450
Dichotomius agenor;-74,458,993;479,356,800,000,005;196,791,667,938,232;905,833,339,691,162;87,099,365,234,375;338,081,855,773,926;247,999,992,370,605;143,999,996,185,303;103,999,996,185,303;198,833,332,061,768;198,999,996,185,303;199,833,335,876,465;192,000,007,629,395;2023;244;69;334,136,695,861,816;653;304;614;637
Dichotomius agenor;-614,185;107,136,780,000,001;257,000,007,629,395;741,666,698,455,811;797,490,997,314,453;605,279,808,044,434;301,000,003,814,697;207,999,992,370,605;930,000,114,440,918;260,499,992,370,605;253,500,003,814,697;261,833,324,432,373;248,333,320,617,676;2003;269;54;471,156,005,859,375;712;207;698;322
Dichotomius agenor;-614,048;106,300,000,000,001;266,875;767,499,971,389,771;807,894,744,873,047;592,040,023,803,711;312,000,007,629,395;217,000,007,629,395;9,5;261,333,332,061,768;26,966,667,175,293;271,666,660,308,838;258,333,339,691,162;1216;225;27;547,807,350,158,691;494;133;253;404
Dichotomius agenor;-61,39;10,64;266,208,324,432,373;774,166,631,698,608;814,912,261,962,891;592,935,028,076,172;311,000,003,814,697;216,000,003,814,697;9,5;260,499,992,370,605;263,500,003,814,697;271,000,003,814,697;257,666,664,123,535;1172;172;28;468,998,756,408,691;467;120;198;355
Dichotomius agenor;-61,36;10,65;262,458,324,432,373;762,500,047,683,716;811,170,120,239,258;595,993,766,784,668;307,000,007,629,395;212,999,992,370,605;940,000,152,587,891;26,5;259,333,324,432,373;26,716,667,175,293;253,999,996,185,303;1970;269;60;465,067,367,553,711;749;195;435;338
Dichotomius agenor;-7,298,633;10,494,716;216,791,667,938,232;9,625;795,454,635,620,117;618,817,863,464,355;272,999,992,370,605;151,999,998,092,651;120,999,994,277,954;215,166,664,123,535;208,666,667,938,232;223,500,003,814,697;208,666,667,938,232;1430;270;14;737,002,258,300,781;606;73;286;73
Dichotomius agenor;-713,356;849,230,000,000,001;231,708,335,876,465;895,833,301,544,189;837,227,478,027,344;441,308,937,072,754;282,999,992,370,605;176,000,003,814,697;106,999,988,555,908;233,166,656,494,141;22,533,332,824,707;235,499,992,370,605;22,533,332,824,707;1114;165;30;496,838,340,759,277;421;114;404;114
